;              
CREATE USER IF NOT EXISTS "ADMIN" SALT 'f9c96425a25f6b52' HASH '5d7bcf8ac88cc0d2bc374fd9c1af49ce6d6af5bc1cb82e2897cb79fa375a3192' ADMIN;       
CREATE SEQUENCE "PUBLIC"."SYSTEM_SEQUENCE_450DB5D1_855B_42D3_9FE9_AC5F2F352559" START WITH 1 BELONGS_TO_TABLE; 
CREATE SEQUENCE "PUBLIC"."SYSTEM_SEQUENCE_5103EE29_4885_4E19_8454_79E463E80F0C" START WITH 1 BELONGS_TO_TABLE; 
CREATE SEQUENCE "PUBLIC"."SYSTEM_SEQUENCE_95B2F551_7635_45E5_84EF_3ED2F5E3BF0D" START WITH 1 BELONGS_TO_TABLE; 
CREATE SEQUENCE "PUBLIC"."SYSTEM_SEQUENCE_ADE77573_A5E4_448D_96BA_A854CCC8CE94" START WITH 1 BELONGS_TO_TABLE; 
CREATE SEQUENCE "PUBLIC"."SYSTEM_SEQUENCE_7A885BA0_8904_4F4B_9F51_DA9A50185EFF" START WITH 1 BELONGS_TO_TABLE; 
CREATE SEQUENCE "PUBLIC"."SYSTEM_SEQUENCE_F8EB359E_A28E_45EE_B994_E5BA6025D7E1" START WITH 5 BELONGS_TO_TABLE; 
CREATE SEQUENCE "PUBLIC"."SYSTEM_SEQUENCE_3EDA59FF_A213_44DA_B1E0_C1304391F76C" START WITH 14 BELONGS_TO_TABLE;
CREATE SEQUENCE "PUBLIC"."SYSTEM_SEQUENCE_AEDCE06F_F884_4EA6_B1C2_8385F4AC2C44" START WITH 1 BELONGS_TO_TABLE; 
CREATE SEQUENCE "PUBLIC"."SYSTEM_SEQUENCE_CFD90480_CF16_48F3_BD5C_C410973265FD" START WITH 1 BELONGS_TO_TABLE; 
CREATE CACHED TABLE "PUBLIC"."FILE"(
    "ID" BIGINT DEFAULT NEXT VALUE FOR "PUBLIC"."SYSTEM_SEQUENCE_7A885BA0_8904_4F4B_9F51_DA9A50185EFF" NOT NULL NULL_TO_DEFAULT SEQUENCE "PUBLIC"."SYSTEM_SEQUENCE_7A885BA0_8904_4F4B_9F51_DA9A50185EFF",
    "CREATED_BY" VARCHAR(255),
    "CREATED_DATE" TIMESTAMP,
    "LAST_MODIFIED_BY" VARCHAR(255),
    "UPDATED_ON" TIMESTAMP,
    "FILE_ID" VARCHAR(255),
    "FILE_SERVER_NAME" VARCHAR(255),
    "NAME" VARCHAR(255),
    "PARENT_FOLDER_ID" BIGINT
);        
ALTER TABLE "PUBLIC"."FILE" ADD CONSTRAINT "PUBLIC"."CONSTRAINT_2" PRIMARY KEY("ID");          
-- 0 +/- SELECT COUNT(*) FROM PUBLIC.FILE;     
CREATE CACHED TABLE "PUBLIC"."FOLDER"(
    "ID" BIGINT DEFAULT NEXT VALUE FOR "PUBLIC"."SYSTEM_SEQUENCE_F8EB359E_A28E_45EE_B994_E5BA6025D7E1" NOT NULL NULL_TO_DEFAULT SEQUENCE "PUBLIC"."SYSTEM_SEQUENCE_F8EB359E_A28E_45EE_B994_E5BA6025D7E1",
    "CREATED_BY" VARCHAR(255),
    "CREATED_DATE" TIMESTAMP,
    "LAST_MODIFIED_BY" VARCHAR(255),
    "UPDATED_ON" TIMESTAMP,
    "ELEMENT_ACCESSIBLE_TO_ALL" BOOLEAN NOT NULL,
    "ELEMENT_EDITABLE_BY_ALL" BOOLEAN NOT NULL,
    "FOLDER_ID" VARCHAR(255),
    "FOLDER_NICK_NAME" VARCHAR(255),
    "NAME" VARCHAR(255),
    "PATH_TO_CURRENT_DIR" VARCHAR(255),
    "PARENT_ID" BIGINT
); 
ALTER TABLE "PUBLIC"."FOLDER" ADD CONSTRAINT "PUBLIC"."CONSTRAINT_7" PRIMARY KEY("ID");        
-- 4 +/- SELECT COUNT(*) FROM PUBLIC.FOLDER;   
INSERT INTO "PUBLIC"."FOLDER" VALUES
(1, 'SYSTEM', TIMESTAMP '2021-08-27 23:08:52.219132', 'SYSTEM', TIMESTAMP '2021-08-27 23:08:52.219151', FALSE, FALSE, 'vXSQJgudH', 'rootsahduhiuhaihhvy324@werw', 'home', 'home', NULL),
(2, 'SYSTEM', TIMESTAMP '2021-08-27 23:08:52.221415', 'SYSTEM', TIMESTAMP '2021-08-27 23:08:52.221419', TRUE, FALSE, 'h7cZYOvTt', 'logomdakjnakdajakankasndkasndkasnd12@', 'logo_images', 'home/logo_images', 1),
(3, 'SYSTEM', TIMESTAMP '2021-08-27 23:08:52.223419', 'SYSTEM', TIMESTAMP '2021-08-27 23:08:52.223424', TRUE, FALSE, 'EjYdS4xyy', 'xls-import-memberdlskmlsmlklmslmsldms123@', 'xls-import-member', 'home/xls-import-member', 1),
(4, 'SYSTEM', TIMESTAMP '2021-08-27 23:08:52.225208', 'SYSTEM', TIMESTAMP '2021-08-27 23:08:52.225212', TRUE, FALSE, 'SxSXwkiRE', 'profile-pic-jnkjndnl23233asdsdvdfnhfhggh@', 'profile-pic', 'home/profile-pic', 1);        
CREATE CACHED TABLE "PUBLIC"."HOLIDAY_CALENDAR"(
    "ID" BIGINT DEFAULT NEXT VALUE FOR "PUBLIC"."SYSTEM_SEQUENCE_95B2F551_7635_45E5_84EF_3ED2F5E3BF0D" NOT NULL NULL_TO_DEFAULT SEQUENCE "PUBLIC"."SYSTEM_SEQUENCE_95B2F551_7635_45E5_84EF_3ED2F5E3BF0D",
    "CREATED_BY" VARCHAR(255),
    "CREATED_DATE" TIMESTAMP,
    "LAST_MODIFIED_BY" VARCHAR(255),
    "UPDATED_ON" TIMESTAMP,
    "DAY_OF_HOLIDAY" TIMESTAMP NOT NULL,
    "DESCRIPTION" VARCHAR(1000)
);           
ALTER TABLE "PUBLIC"."HOLIDAY_CALENDAR" ADD CONSTRAINT "PUBLIC"."CONSTRAINT_2D" PRIMARY KEY("ID");             
-- 0 +/- SELECT COUNT(*) FROM PUBLIC.HOLIDAY_CALENDAR;         
CREATE CACHED TABLE "PUBLIC"."IMAGE_GALLERY"(
    "ID" BIGINT DEFAULT NEXT VALUE FOR "PUBLIC"."SYSTEM_SEQUENCE_5103EE29_4885_4E19_8454_79E463E80F0C" NOT NULL NULL_TO_DEFAULT SEQUENCE "PUBLIC"."SYSTEM_SEQUENCE_5103EE29_4885_4E19_8454_79E463E80F0C",
    "CREATED_BY" VARCHAR(255),
    "CREATED_DATE" TIMESTAMP,
    "LAST_MODIFIED_BY" VARCHAR(255),
    "UPDATED_ON" TIMESTAMP,
    "ACCESSIBLE_TO_ALL" BOOLEAN NOT NULL,
    "NAME" VARCHAR(50),
    "FOLDER_ID" BIGINT
);              
ALTER TABLE "PUBLIC"."IMAGE_GALLERY" ADD CONSTRAINT "PUBLIC"."CONSTRAINT_8" PRIMARY KEY("ID"); 
-- 0 +/- SELECT COUNT(*) FROM PUBLIC.IMAGE_GALLERY;            
CREATE CACHED TABLE "PUBLIC"."LANGUAGE"(
    "ID" BIGINT DEFAULT NEXT VALUE FOR "PUBLIC"."SYSTEM_SEQUENCE_AEDCE06F_F884_4EA6_B1C2_8385F4AC2C44" NOT NULL NULL_TO_DEFAULT SEQUENCE "PUBLIC"."SYSTEM_SEQUENCE_AEDCE06F_F884_4EA6_B1C2_8385F4AC2C44",
    "CREATED_BY" VARCHAR(255),
    "CREATED_DATE" TIMESTAMP,
    "LAST_MODIFIED_BY" VARCHAR(255),
    "UPDATED_ON" TIMESTAMP,
    "NAME" VARCHAR(255)
);    
ALTER TABLE "PUBLIC"."LANGUAGE" ADD CONSTRAINT "PUBLIC"."CONSTRAINT_C" PRIMARY KEY("ID");      
-- 0 +/- SELECT COUNT(*) FROM PUBLIC.LANGUAGE; 
CREATE CACHED TABLE "PUBLIC"."NOTICE"(
    "ID" BIGINT DEFAULT NEXT VALUE FOR "PUBLIC"."SYSTEM_SEQUENCE_450DB5D1_855B_42D3_9FE9_AC5F2F352559" NOT NULL NULL_TO_DEFAULT SEQUENCE "PUBLIC"."SYSTEM_SEQUENCE_450DB5D1_855B_42D3_9FE9_AC5F2F352559",
    "CREATED_BY" VARCHAR(255),
    "CREATED_DATE" TIMESTAMP,
    "LAST_MODIFIED_BY" VARCHAR(255),
    "UPDATED_ON" TIMESTAMP,
    "DESCRIPTION" VARCHAR(1000),
    "EXPIRY_DATE" TIMESTAMP NOT NULL,
    "NAME" VARCHAR(255),
    "NOTICE_TYPE" INTEGER NOT NULL,
    "PUBLISH_DATE" TIMESTAMP NOT NULL,
    "SUPPORTING_IMAGE_ID" BIGINT
);  
ALTER TABLE "PUBLIC"."NOTICE" ADD CONSTRAINT "PUBLIC"."CONSTRAINT_89" PRIMARY KEY("ID");       
-- 0 +/- SELECT COUNT(*) FROM PUBLIC.NOTICE;   
CREATE CACHED TABLE "PUBLIC"."USER"(
    "ID" BIGINT DEFAULT NEXT VALUE FOR "PUBLIC"."SYSTEM_SEQUENCE_ADE77573_A5E4_448D_96BA_A854CCC8CE94" NOT NULL NULL_TO_DEFAULT SEQUENCE "PUBLIC"."SYSTEM_SEQUENCE_ADE77573_A5E4_448D_96BA_A854CCC8CE94",
    "CREATED_BY" VARCHAR(255),
    "CREATED_DATE" TIMESTAMP,
    "LAST_MODIFIED_BY" VARCHAR(255),
    "UPDATED_ON" TIMESTAMP,
    "ACCOUNT_NON_EXPIRED" BOOLEAN NOT NULL,
    "ACCOUNT_NON_LOCKED" BOOLEAN NOT NULL,
    "CREDENTIALS_NON_EXPIRED" BOOLEAN NOT NULL,
    "EMAIL_VERIFIED" BOOLEAN NOT NULL,
    "MOBILE_NO" VARCHAR(10),
    "MOBILE_NO_VERIFIED" BOOLEAN NOT NULL,
    "NAME" VARCHAR(100),
    "OTP" VARCHAR(8),
    "OTP_VALID_TILL_TIME" TIMESTAMP,
    "PASSWORD_HASH" VARCHAR(200),
    "USER_ID" VARCHAR(50),
    "USERNAME" VARCHAR(50) NOT NULL,
    "AUTHORITY_NAME" VARCHAR(50)
);   
ALTER TABLE "PUBLIC"."USER" ADD CONSTRAINT "PUBLIC"."CONSTRAINT_27" PRIMARY KEY("ID");         
-- 0 +/- SELECT COUNT(*) FROM PUBLIC.USER;     
CREATE CACHED TABLE "PUBLIC"."USER_AUTHORITY"(
    "NAME" VARCHAR(50) NOT NULL
);              
ALTER TABLE "PUBLIC"."USER_AUTHORITY" ADD CONSTRAINT "PUBLIC"."CONSTRAINT_B" PRIMARY KEY("NAME");              
-- 13 +/- SELECT COUNT(*) FROM PUBLIC.USER_AUTHORITY;          
INSERT INTO "PUBLIC"."USER_AUTHORITY" VALUES
('ROLE_FLIA'),
('ROLE_INTERNAL_AUDITOR'),
('ROLE_ULB_ACCOUNTANT'),
('ROLE_ULB_CMO'),
('ROLE_SLPMU_ADMIN'),
('ROLE_SLPMU_ACCOUNT'),
('ROLE_SLPMU_AUDIT'),
('ROLE_SLPMU_UC'),
('ROLE_SLPMU_IT'),
('ROLE_UDHD_PSEC'),
('ROLE_UDHD_SEC'),
('ROLE_UDHD_SO'),
('ROLE_UDHD_IT');         
CREATE CACHED TABLE "PUBLIC"."USER_GROUP"(
    "ID" BIGINT DEFAULT NEXT VALUE FOR "PUBLIC"."SYSTEM_SEQUENCE_3EDA59FF_A213_44DA_B1E0_C1304391F76C" NOT NULL NULL_TO_DEFAULT SEQUENCE "PUBLIC"."SYSTEM_SEQUENCE_3EDA59FF_A213_44DA_B1E0_C1304391F76C",
    "CREATED_BY" VARCHAR(255),
    "CREATED_DATE" TIMESTAMP,
    "LAST_MODIFIED_BY" VARCHAR(255),
    "UPDATED_ON" TIMESTAMP,
    "DESCRIPTION" VARCHAR(2000),
    "NAME" VARCHAR(200),
    "USER_GROUP_ID" VARCHAR(255)
);               
ALTER TABLE "PUBLIC"."USER_GROUP" ADD CONSTRAINT "PUBLIC"."CONSTRAINT_C6" PRIMARY KEY("ID");   
-- 13 +/- SELECT COUNT(*) FROM PUBLIC.USER_GROUP;              
INSERT INTO "PUBLIC"."USER_GROUP" VALUES
(1, 'SYSTEM', TIMESTAMP '2021-08-27 23:08:52.181808', 'SYSTEM', TIMESTAMP '2021-08-27 23:08:52.181818', 'ROLE_FLIA', 'ROLE_FLIA', '7BHMcGPJ'),
(2, 'SYSTEM', TIMESTAMP '2021-08-27 23:08:52.184205', 'SYSTEM', TIMESTAMP '2021-08-27 23:08:52.18421', 'ROLE_INTERNAL_AUDITOR', 'ROLE_INTERNAL_AUDITOR', 'Z0QLcOt9'),
(3, 'SYSTEM', TIMESTAMP '2021-08-27 23:08:52.186077', 'SYSTEM', TIMESTAMP '2021-08-27 23:08:52.186084', 'ROLE_ULB_ACCOUNTANT', 'ROLE_ULB_ACCOUNTANT', 'kqpeBSDD'),
(4, 'SYSTEM', TIMESTAMP '2021-08-27 23:08:52.187641', 'SYSTEM', TIMESTAMP '2021-08-27 23:08:52.187657', 'ROLE_ULB_CMO', 'ROLE_ULB_CMO', 'hkkWJQK6'),
(5, 'SYSTEM', TIMESTAMP '2021-08-27 23:08:52.1892', 'SYSTEM', TIMESTAMP '2021-08-27 23:08:52.189204', 'ROLE_SLPMU_ADMIN', 'ROLE_SLPMU_ADMIN', '4SLiF5VV'),
(6, 'SYSTEM', TIMESTAMP '2021-08-27 23:08:52.190778', 'SYSTEM', TIMESTAMP '2021-08-27 23:08:52.190783', 'ROLE_SLPMU_ACCOUNT', 'ROLE_SLPMU_ACCOUNT', 'LX0dACRc'),
(7, 'SYSTEM', TIMESTAMP '2021-08-27 23:08:52.19227', 'SYSTEM', TIMESTAMP '2021-08-27 23:08:52.192273', 'ROLE_SLPMU_AUDIT', 'ROLE_SLPMU_AUDIT', '6fZ4teOD'),
(8, 'SYSTEM', TIMESTAMP '2021-08-27 23:08:52.193712', 'SYSTEM', TIMESTAMP '2021-08-27 23:08:52.193716', 'ROLE_SLPMU_UC', 'ROLE_SLPMU_UC', 'N4nPVoI7'),
(9, 'SYSTEM', TIMESTAMP '2021-08-27 23:08:52.194934', 'SYSTEM', TIMESTAMP '2021-08-27 23:08:52.194937', 'ROLE_SLPMU_IT', 'ROLE_SLPMU_IT', 'lvry3va4'),
(10, 'SYSTEM', TIMESTAMP '2021-08-27 23:08:52.196263', 'SYSTEM', TIMESTAMP '2021-08-27 23:08:52.196268', 'ROLE_UDHD_PSEC', 'ROLE_UDHD_PSEC', '8LXQvfB2'),
(11, 'SYSTEM', TIMESTAMP '2021-08-27 23:08:52.197687', 'SYSTEM', TIMESTAMP '2021-08-27 23:08:52.197691', 'ROLE_UDHD_SEC', 'ROLE_UDHD_SEC', 'vjZzGKHj'),
(12, 'SYSTEM', TIMESTAMP '2021-08-27 23:08:52.199108', 'SYSTEM', TIMESTAMP '2021-08-27 23:08:52.199112', 'ROLE_UDHD_SO', 'ROLE_UDHD_SO', 'sg352no0'),
(13, 'SYSTEM', TIMESTAMP '2021-08-27 23:08:52.200458', 'SYSTEM', TIMESTAMP '2021-08-27 23:08:52.200462', 'ROLE_UDHD_IT', 'ROLE_UDHD_IT', 'bcjfvY0S');      
CREATE CACHED TABLE "PUBLIC"."USER_PROFILE"(
    "ID" BIGINT DEFAULT NEXT VALUE FOR "PUBLIC"."SYSTEM_SEQUENCE_CFD90480_CF16_48F3_BD5C_C410973265FD" NOT NULL NULL_TO_DEFAULT SEQUENCE "PUBLIC"."SYSTEM_SEQUENCE_CFD90480_CF16_48F3_BD5C_C410973265FD",
    "CREATED_BY" VARCHAR(255),
    "CREATED_DATE" TIMESTAMP,
    "LAST_MODIFIED_BY" VARCHAR(255),
    "UPDATED_ON" TIMESTAMP,
    "PERMANENT_ADDRESS" VARCHAR(200),
    "PROFILE_PIC_ID" BIGINT,
    "USER_ID" BIGINT,
    "USER_GROUP_ID" BIGINT
);    
ALTER TABLE "PUBLIC"."USER_PROFILE" ADD CONSTRAINT "PUBLIC"."CONSTRAINT_CE" PRIMARY KEY("ID"); 
-- 0 +/- SELECT COUNT(*) FROM PUBLIC.USER_PROFILE;             
ALTER TABLE "PUBLIC"."USER" ADD CONSTRAINT "PUBLIC"."UK_DYYO2JU1RK7EXHXR05XX47GCA" UNIQUE("MOBILE_NO");        
ALTER TABLE "PUBLIC"."USER" ADD CONSTRAINT "PUBLIC"."UK_SB8BBOUER5WAK8VYIIY4PF2BX" UNIQUE("USERNAME");         
ALTER TABLE "PUBLIC"."USER_GROUP" ADD CONSTRAINT "PUBLIC"."UK_26HDON2LJJYLTCEHGIKPQ48R4" UNIQUE("USER_GROUP_ID");              
ALTER TABLE "PUBLIC"."FOLDER" ADD CONSTRAINT "PUBLIC"."UK_DFUPKJU9LHLOM9TFD2FF3OMWB" UNIQUE("FOLDER_ID");      
ALTER TABLE "PUBLIC"."FOLDER" ADD CONSTRAINT "PUBLIC"."UK_QIAN4UYD4TY7IJW1FOY0L10GV" UNIQUE("FOLDER_NICK_NAME");               
ALTER TABLE "PUBLIC"."USER" ADD CONSTRAINT "PUBLIC"."FKN9A03QA0S7TT6MKES18CCRS2P" FOREIGN KEY("AUTHORITY_NAME") REFERENCES "PUBLIC"."USER_AUTHORITY"("NAME") NOCHECK;          
ALTER TABLE "PUBLIC"."USER_PROFILE" ADD CONSTRAINT "PUBLIC"."FKLJDQM5NMX0AVFJQSARI0T4P6H" FOREIGN KEY("USER_GROUP_ID") REFERENCES "PUBLIC"."USER_GROUP"("ID") NOCHECK;         
ALTER TABLE "PUBLIC"."FOLDER" ADD CONSTRAINT "PUBLIC"."FKN0CJH1SELJCP0MC4TJ1UFH99M" FOREIGN KEY("PARENT_ID") REFERENCES "PUBLIC"."FOLDER"("ID") NOCHECK;       
ALTER TABLE "PUBLIC"."USER_PROFILE" ADD CONSTRAINT "PUBLIC"."FK6KWJ5LK78PNHWOR4PGOSVB51R" FOREIGN KEY("USER_ID") REFERENCES "PUBLIC"."USER"("ID") NOCHECK;     
ALTER TABLE "PUBLIC"."USER_PROFILE" ADD CONSTRAINT "PUBLIC"."FKO5CL8JC8G0SP2J1Y1KBBO8X3N" FOREIGN KEY("PROFILE_PIC_ID") REFERENCES "PUBLIC"."FILE"("ID") NOCHECK;              
ALTER TABLE "PUBLIC"."IMAGE_GALLERY" ADD CONSTRAINT "PUBLIC"."FKDJW3NST7SOFFV17WKSLP53GV7" FOREIGN KEY("FOLDER_ID") REFERENCES "PUBLIC"."FOLDER"("ID") NOCHECK;
ALTER TABLE "PUBLIC"."FILE" ADD CONSTRAINT "PUBLIC"."FKKU9RRR7QCKEIT8HUITX62SRXT" FOREIGN KEY("PARENT_FOLDER_ID") REFERENCES "PUBLIC"."FOLDER"("ID") NOCHECK;  
ALTER TABLE "PUBLIC"."NOTICE" ADD CONSTRAINT "PUBLIC"."FK79RDGJNN6933J4HIEWTUEPIFM" FOREIGN KEY("SUPPORTING_IMAGE_ID") REFERENCES "PUBLIC"."FILE"("ID") NOCHECK;               
